merchant_id,name,onboarded
M001,Merchant 001,2026-01-15
M002,Merchant 002,2026-01-15
M003,Merchant 003,2026-01-15
M004,Merchant 004,2026-01-15
M005,Merchant 005,2026-01-15
M006,Merchant 006,2026-01-15
M007,Merchant 007,2026-01-15
M008,Merchant 008,2026-01-15
M009,Merchant 009,2026-01-15
M010,Merchant 010,2026-01-15
M011,Merchant 011,2026-01-15
M012,Merchant 012,2026-01-15
M013,Merchant 013,2026-01-15
M014,Merchant 014,2026-01-15
M015,Merchant 015,2026-01-15
M016,Merchant 016,2026-01-15
M017,Merchant 017,2026-01-15
M018,Merchant 018,2026-01-15
M019,Merchant 019,2026-01-15
M020,Merchant 020,2026-01-15
M021,Merchant 021,2026-01-15
M022,Merchant 022,2026-01-15
M023,Merchant 023,2026-01-15
M024,Merchant 024,2026-01-15
M025,Merchant 025,2026-01-15
M026,Merchant 026,2026-01-15
M027,Merchant 027,2026-01-15
M028,Merchant 028,2026-01-15
M029,Merchant 029,2026-01-15
M030,Merchant 030,2026-01-15
M031,Merchant 031,2026-01-15
M032,Merchant 032,2026-01-15
M033,Merchant 033,2026-01-15
M034,Merchant 034,2026-01-15
M035,Merchant 035,2026-01-15
M036,Merchant 036,2026-01-15
M037,Merchant 037,2026-01-15
M038,Merchant 038,2026-01-15
M039,Merchant 039,2026-01-15
M040,Merchant 040,2026-01-15
M041,Merchant 041,2026-03-14
M042,Merchant 042,2026-03-14
M043,Merchant 043,2026-03-14
M044,Merchant 044,2026-03-14
M045,Merchant 045,2026-03-14
M046,Merchant 046,2026-03-14
M047,Merchant 047,2026-03-14
M048,Merchant 048,2026-03-14
M049,Merchant 049,2026-03-14
M050,Merchant 050,2026-03-14
M051,Merchant 051,2026-03-14
M052,Merchant 052,2026-03-14
M053,Merchant 053,2026-03-14
M054,Merchant 054,2026-03-14
M055,Merchant 055,2026-03-14
M056,Merchant 056,2026-03-14
M057,Merchant 057,2026-03-14
M058,Merchant 058,2026-03-14
M059,Merchant 059,2026-03-14
M060,Merchant 060,2026-03-14
