date,currency,rate
2026-03-31,USD,0.9223
2026-03-31,GBP,1.1715
2026-03-31,AUD,0.6114
2026-03-31,CAD,0.6731
2026-04-01,USD,0.9251
2026-04-01,GBP,1.1647
2026-04-01,AUD,0.6131
2026-04-01,CAD,0.6734
2026-04-02,USD,0.9270
2026-04-02,GBP,1.1602
2026-04-02,AUD,0.6162
2026-04-02,CAD,0.6738
2026-04-03,USD,0.9228
2026-04-03,GBP,1.1663
2026-04-03,AUD,0.6190
2026-04-03,CAD,0.6719
2026-04-04,USD,0.9258
2026-04-04,GBP,1.1642
2026-04-04,AUD,0.6208
2026-04-04,CAD,0.6753
2026-04-05,USD,0.9270
2026-04-05,GBP,1.1641
2026-04-05,AUD,0.6240
2026-04-05,CAD,0.6719
2026-04-06,USD,0.9262
2026-04-06,GBP,1.1571
2026-04-06,AUD,0.6226
2026-04-06,CAD,0.6683
2026-04-07,USD,0.9237
2026-04-07,GBP,1.1637
2026-04-07,AUD,0.6231
2026-04-07,CAD,0.6706
2026-04-08,USD,0.9192
2026-04-08,GBP,1.1597
2026-04-08,AUD,0.6239
2026-04-08,CAD,0.6734
2026-04-09,USD,0.9207
2026-04-09,GBP,1.1648
2026-04-09,AUD,0.6253
2026-04-09,CAD,0.6732
2026-04-10,USD,0.9257
2026-04-10,GBP,1.1652
2026-04-10,AUD,0.6225
2026-04-10,CAD,0.6755
2026-04-11,USD,0.9244
2026-04-11,GBP,1.1702
2026-04-11,AUD,0.6245
2026-04-11,CAD,0.6773
2026-04-12,USD,0.9204
2026-04-12,GBP,1.1727
2026-04-12,AUD,0.6212
2026-04-12,CAD,0.6783
2026-04-13,USD,0.9182
2026-04-13,GBP,1.1697
2026-04-13,AUD,0.6175
2026-04-13,CAD,0.6805
2026-04-14,USD,0.9198
2026-04-14,GBP,1.1627
2026-04-14,AUD,0.6210
2026-04-14,CAD,0.6834
2026-04-15,USD,0.9144
2026-04-15,GBP,1.1621
2026-04-15,AUD,0.6175
2026-04-15,CAD,0.6811
2026-04-16,USD,0.9177
2026-04-16,GBP,1.1561
2026-04-16,AUD,0.6142
2026-04-16,CAD,0.6808
2026-04-17,USD,0.9159
2026-04-17,GBP,1.1544
2026-04-17,AUD,0.6114
2026-04-17,CAD,0.6806
2026-04-18,USD,0.9210
2026-04-18,GBP,1.1593
2026-04-18,AUD,0.6107
2026-04-18,CAD,0.6809
2026-04-19,USD,0.9177
2026-04-19,GBP,1.1644
2026-04-19,AUD,0.6111
2026-04-19,CAD,0.6816
2026-04-20,USD,0.9166
2026-04-20,GBP,1.1580
2026-04-20,AUD,0.6099
2026-04-20,CAD,0.6776
2026-04-21,USD,0.9171
2026-04-21,GBP,1.1524
2026-04-21,AUD,0.6124
2026-04-21,CAD,0.6767
2026-04-22,USD,0.9226
2026-04-22,GBP,1.1553
2026-04-22,AUD,0.6097
2026-04-22,CAD,0.6765
2026-04-23,USD,0.9197
2026-04-23,GBP,1.1513
2026-04-23,AUD,0.6107
2026-04-23,CAD,0.6757
2026-04-24,USD,0.9209
2026-04-24,GBP,1.1467
2026-04-24,AUD,0.6122
2026-04-24,CAD,0.6778
2026-04-25,USD,0.9237
2026-04-25,GBP,1.1425
2026-04-25,AUD,0.6104
2026-04-25,CAD,0.6775
2026-04-26,USD,0.9244
2026-04-26,GBP,1.1411
2026-04-26,AUD,0.6086
2026-04-26,CAD,0.6804
2026-04-27,USD,0.9192
2026-04-27,GBP,1.1432
2026-04-27,AUD,0.6056
2026-04-27,CAD,0.6771
2026-04-28,USD,0.9138
2026-04-28,GBP,1.1379
2026-04-28,AUD,0.6041
2026-04-28,CAD,0.6791
2026-04-29,USD,0.9143
2026-04-29,GBP,1.1413
2026-04-29,AUD,0.6049
2026-04-29,CAD,0.6760
2026-04-30,USD,0.9168
2026-04-30,GBP,1.1395
2026-04-30,AUD,0.6077
2026-04-30,CAD,0.6720
2026-05-01,USD,0.9220
2026-05-01,GBP,1.1339
2026-05-01,AUD,0.6049
2026-05-01,CAD,0.6681
