date,category,description,amount
2024-12-21,Meals,"Client dinner, Rotterdam",$33.11
2024-10-23,Travel,Taxi,10.82
2024-11-11,Software,CI minutes,48.15
2024-10-22,Training,Conference ticket,191.71
2024-12-11,Meals,Team lunch,$53.35
2024-11-02,Training,"Online course, advanced","1,452.41"
2024-10-05,Training,Conference ticket,323.03
2024-10-21,Hardware,Keyboard,"1,408.44"
2024-11-08,Software,Domain renewal,52.87
2024-12-01,Software,Editor licence,69.80
2024-10-05,Software,Domain renewal,26.66
2024-11-21,Travel,Taxi,26.53
2024-10-11,Meals,Coffee,19.05
2024-11-08,Travel,Taxi,$89.82
2024-12-16,Training,Conference ticket,480.07
2024-11-05,Hardware,USB-C dock,971.10
2024-12-18,Hardware,"Monitor, 27 inch","1,440.06"
2024-10-20,Meals,Coffee,42.44
2024-12-18,Meals,Coffee,61.43
2024-12-20,Office,Desk lamp,10.33
2024-10-01,Meals,"Client dinner, Rotterdam",$33.91
2024-12-11,Travel,Taxi,84.29
2024-11-05,Software,Error tracker,70.06
2024-11-15,Software,CI minutes,14.47
2024-11-14,Software,Domain renewal,55.28
2024-10-22,Office,Whiteboard markers,65.34
2024-12-09,Travel,Taxi,57.60
2024-12-27,Travel,"Hotel, 2 nights",14.01
2024-10-12,Travel,"Hotel, 2 nights",77.93
2024-12-19,Hardware,USB-C dock,761.46
2024-12-01,Office,Printer paper,$72.38
2024-11-05,Office,Printer paper,$39.04
2024-12-04,Travel,Train to Utrecht,26.11
2024-12-20,Office,Desk lamp,17.46
2024-10-06,Training,Conference ticket,980.53
2024-12-17,Travel,Taxi,53.34
2024-12-22,Hardware,"Monitor, 27 inch",579.03
2024-12-07,Travel,Taxi,$86.72
