entry_id,customer_ref,entry_type,amount,currency,state,booked_at
10508,C016,invoice,2933.29,GBP,posted,2026-04-01T14:44:25Z
10296,C027,credit_note,-744.39,AUD,posted,2026-04-02T02:51:12Z
10304,C032,invoice,595.49,EUR,posted,2026-04-02T14:11:47Z
10353,C004,invoice,970.41,USD,posted,2026-04-04T04:48:54Z
10355,C021,invoice,6846.32,USD,posted,2026-04-04T12:39:03Z
10324,C016,invoice,6063.19,GBP,posted,2026-04-05T00:40:21Z
10391,C039,invoice,4970.89,USD,posted,2026-04-05T11:07:53Z
10395,C034,invoice,391.19,GBP,posted,2026-04-05T11:26:01Z
10401,C004,invoice,6073.32,USD,posted,2026-04-05T13:57:49Z
10583,C022,invoice,7814.20,EUR,posted,2026-04-05T14:46:05Z
10413,C018,invoice,3582.58,AUD,draft,2026-04-05T17:39:46Z
10433,C015,invoice,321.81,CAD,posted,2026-04-06T08:51:14Z
10451,C021,invoice,1774.48,USD,posted,2026-04-06T21:21:36Z
10452,C007,invoice,6671.24,USD,draft,2026-04-06T22:06:28Z
10456,C021,invoice,478.14,USD,posted,2026-04-07T00:33:51Z
10459,C011,invoice,504.32,AUD,posted,2026-04-07T01:03:22Z
10418,C022,invoice,3596.72,EUR,posted,2026-04-07T11:08:05Z
10478,C016,invoice,4530.28,GBP,posted,2026-04-07T14:03:39Z
10490,C007,invoice,2613.39,USD,posted,2026-04-07T19:44:20Z
10492,C019,invoice,6391.86,EUR,posted,2026-04-07T23:01:42Z
10502,C015,invoice,2165.65,CAD,posted,2026-04-08T00:45:20Z
10526,C032,invoice,367.87,EUR,posted,2026-04-09T11:01:58Z
11116,C028,invoice,410.24,EUR,posted,2026-04-09T16:47:39Z
10532,C022,invoice,1511.21,EUR,posted,2026-04-09T21:10:25Z
10544,C008,invoice,989.71,GBP,posted,2026-04-10T08:52:18Z
11109,C028,invoice,405.04,EUR,posted,2026-04-10T12:54:12Z
10573,C023,invoice,3946.49,EUR,posted,2026-04-11T04:41:00Z
10625,C005,invoice,2042.45,EUR,posted,2026-04-11T08:55:14Z
10595,C040,invoice,2074.98,EUR,posted,2026-04-11T22:42:00Z
10596,C006,invoice,7919.48,AUD,posted,2026-04-12T03:11:21Z
10615,C011,invoice,8087.28,AUD,posted,2026-04-13T00:00:54Z
10620,C034,invoice,6774.28,GBP,posted,2026-04-13T14:39:15Z
10630,C004,invoice,757.77,USD,posted,2026-04-14T02:44:58Z
10631,C008,credit_note,-628.56,GBP,posted,2026-04-14T05:26:58Z
10635,C015,invoice,652.68,CAD,posted,2026-04-14T10:45:56Z
10641,C001,invoice,579.80,EUR,posted,2026-04-14T17:20:47Z
10383,C005,invoice,542.18,EUR,posted,2026-04-14T20:24:26Z
10655,C018,invoice,2128.35,AUD,posted,2026-04-15T04:51:37Z
10661,C029,invoice,1222.94,USD,draft,2026-04-15T11:50:51Z
10672,C030,invoice,1597.19,EUR,posted,2026-04-15T19:18:50Z
10681,C039,invoice,309.56,USD,posted,2026-04-15T21:59:19Z
10699,C019,credit_note,-119.00,EUR,posted,2026-04-16T07:56:44Z
10719,C010,credit_note,-168.46,EUR,posted,2026-04-16T18:59:50Z
10724,C008,invoice,4160.95,GBP,posted,2026-04-16T20:48:45Z
10731,C022,invoice,753.03,EUR,posted,2026-04-16T23:15:28Z
10738,C039,invoice,378.77,USD,posted,2026-04-17T08:11:30Z
10746,C038,invoice,5563.51,EUR,posted,2026-04-17T16:35:15Z
10753,C004,invoice,1909.04,USD,posted,2026-04-18T05:01:41Z
10771,C022,invoice,5286.76,EUR,posted,2026-04-18T21:10:59Z
10773,C008,invoice,1535.99,GBP,posted,2026-04-18T21:56:13Z
10784,C024,credit_note,-216.39,USD,posted,2026-04-19T07:50:32Z
10787,C011,invoice,4897.83,AUD,posted,2026-04-19T07:58:04Z
10788,C028,invoice,4073.64,EUR,posted,2026-04-19T11:04:28Z
10810,C002,credit_note,-828.35,EUR,posted,2026-04-20T06:13:38Z
10815,C005,invoice,3800.21,EUR,posted,2026-04-20T14:56:26Z
10835,C028,invoice,335.93,EUR,posted,2026-04-21T06:15:37Z
10836,C005,invoice,4410.18,EUR,posted,2026-04-21T06:22:01Z
10847,C032,invoice,826.31,EUR,posted,2026-04-21T21:13:33Z
10862,C009,invoice,5128.54,USD,posted,2026-04-22T01:24:25Z
10888,C022,invoice,392.26,EUR,posted,2026-04-22T09:31:26Z
10904,C023,invoice,1084.51,EUR,posted,2026-04-22T23:22:33Z
10908,C034,invoice,805.11,GBP,posted,2026-04-23T03:40:58Z
10909,C033,invoice,6339.99,USD,posted,2026-04-23T07:22:47Z
10913,C031,invoice,655.12,AUD,posted,2026-04-23T10:16:23Z
10922,C012,invoice,397.50,USD,posted,2026-04-23T20:54:47Z
10924,C030,invoice,2192.85,EUR,posted,2026-04-23T22:37:18Z
10948,C005,invoice,3648.78,EUR,posted,2026-04-25T02:03:15Z
10954,C022,invoice,2891.25,EUR,void,2026-04-25T08:27:28Z
10962,C033,invoice,2424.47,USD,posted,2026-04-25T11:23:11Z
10967,C014,invoice,7975.42,USD,posted,2026-04-25T14:29:35Z
10971,C001,invoice,3665.97,EUR,posted,2026-04-25T21:50:13Z
10986,C030,invoice,4530.62,EUR,void,2026-04-26T05:45:40Z
10998,C011,invoice,1449.39,AUD,posted,2026-04-26T07:50:15Z
11008,C016,invoice,5980.65,GBP,posted,2026-04-26T09:44:18Z
11014,C008,invoice,8205.18,GBP,posted,2026-04-26T12:03:31Z
11021,C016,invoice,6167.60,GBP,posted,2026-04-26T16:43:48Z
11027,C017,invoice,980.19,CAD,draft,2026-04-26T17:40:59Z
11031,C039,invoice,7834.71,USD,posted,2026-04-26T22:39:30Z
11035,C006,invoice,668.33,AUD,void,2026-04-27T00:00:31Z
11039,C030,invoice,1708.79,EUR,posted,2026-04-27T00:13:56Z
11042,C005,invoice,419.69,EUR,posted,2026-04-27T10:44:31Z
11055,C018,invoice,1127.82,AUD,posted,2026-04-27T16:11:51Z
11058,C018,invoice,1022.89,AUD,posted,2026-04-27T22:43:12Z
11066,C017,invoice,6150.08,CAD,posted,2026-04-28T12:03:19Z
11069,C009,invoice,3971.86,USD,posted,2026-04-28T12:04:34Z
11080,C006,invoice,6158.64,AUD,void,2026-04-28T19:49:11Z
11099,C033,invoice,2071.67,USD,posted,2026-04-29T09:18:25Z
11103,C009,invoice,7060.77,USD,posted,2026-04-29T10:03:46Z
11123,C038,invoice,1457.01,EUR,posted,2026-04-30T02:13:39Z
11128,C001,invoice,2287.37,EUR,void,2026-04-30T04:12:29Z
11134,C029,invoice,5933.13,USD,posted,2026-04-30T11:02:19Z
11143,C005,invoice,300.01,EUR,posted,2026-04-30T21:59:33Z
11147,C019,invoice,1159.65,EUR,posted,2026-04-30T22:23:51Z
